"sound.files","selec","start","end","bottom.freq","top.freq","sound.id"
"master.wav",1,1,2,1.33333333333333,2.66666666666667,"start_marker"
"master.wav",2,2.05,2.25002267573696,7.875,8.805,"dur:0.2;freq:9;fm;am_1"
"master.wav",3,2.30002267573696,2.50004535147392,3.208,4.069,"dur:0.2;freq:4;fm;am_1"
"master.wav",4,2.55004535147392,2.75006802721088,0.422,1.223,"dur:0.2;freq:1;fm;am_1"
"master.wav",5,2.80006802721088,3.00009070294785,6.905,7.917,"dur:0.2;freq:7;fm;am_1"
"master.wav",6,3.05009070294785,3.25011337868481,8.417,9.416,"dur:0.2;freq:9.5;fm;am_1"
"master.wav",7,3.30011337868481,3.50013605442177,4.171,4.839,"dur:0.2;freq:4.5;fm;am_1"
"master.wav",8,3.55013605442177,3.75015873015873,2.097,2.961,"dur:0.2;freq:3;fm;am_1"
"master.wav",9,3.80015873015873,4.00018140589569,9.181,10.033,"dur:0.2;freq:9.5;fm;am_2"
"master.wav",10,4.05018140589569,4.25020408163265,1.849,2.506,"dur:0.2;freq:2;fm;am_1"
"master.wav",11,4.30020408163265,4.50022675736961,5.632,6.83,"dur:0.2;freq:6.5;fm;am_1"
"master.wav",12,4.55022675736961,4.75024943310658,1.474,2.55,"dur:0.2;freq:1.5;fm;am_1"
"master.wav",13,4.80024943310658,5.00027210884354,9.598,10.233,"dur:0.2;freq:10;fm;am_1"
"master.wav",14,5.05027210884354,5.2502947845805,7.317,8.141,"dur:0.2;freq:8;fm;am_1"
"master.wav",15,5.3002947845805,5.50031746031746,0.1,0.81,"dur:0.2;freq:1;fm;am_2"
"master.wav",16,5.55031746031746,5.75034013605442,5.396,6.152,"dur:0.2;freq:5.5;fm;am_1"
"master.wav",17,5.80034013605442,6.00036281179138,9.435,10.377,"dur:0.2;freq:9.5;fm;am_3"
"master.wav",18,6.05036281179138,6.25038548752834,1.23,2.525,"dur:0.2;freq:2;fm;am_2"
"master.wav",19,6.30038548752834,6.50040816326531,0.836,1.646,"dur:0.2;freq:1;fm;am_3"
"master.wav",20,6.55040816326531,6.75043083900227,5.718,7.372,"dur:0.2;freq:6;fm;am_1"
"master.wav",21,6.80043083900227,7.00045351473923,4.792,5.287,"dur:0.2;freq:5;fm;am_1"
"master.wav",22,7.05045351473923,7.25047619047619,2.461,3.506,"dur:0.2;freq:2.5;fm;am_1"
"master.wav",23,7.30047619047619,7.50049886621315,0.365,1.098,"dur:0.2;freq:0.5;fm;am_1"
"master.wav",24,7.55049886621315,7.75052154195011,7.176,7.777,"dur:0.2;freq:7.5;fm;am_1"
"master.wav",25,7.80052154195011,8.00054421768708,3.654,5,"dur:0.2;freq:4.5;fm;am_2"
"master.wav",26,8.05054421768707,8.25056689342404,8.5,9.652,"dur:0.2;freq:9.5;fm;am_4"
"master.wav",27,8.30056689342404,8.500589569161,4.933,6.011,"dur:0.2;freq:5;fm;am_2"
"master.wav",28,8.550589569161,8.75061224489796,9.013,10.015,"dur:0.2;freq:9.5;fm;am_5"
"master.wav",29,8.80061224489796,9.00063492063492,3.624,4.12,"dur:0.2;freq:4;fm;am_2"
"master.wav",30,9.05063492063492,9.25065759637188,5.027,5.695,"dur:0.2;freq:5.5;fm;am_2"
"master.wav",31,9.30065759637188,9.50068027210884,4.788,5.593,"dur:0.2;freq:5.5;fm;am_3"
"master.wav",32,9.55068027210884,9.75070294784581,8.076,9.5,"dur:0.2;freq:9;fm;am_2"
"master.wav",33,9.8007029478458,10.0007256235828,3.158,4.333,"dur:0.2;freq:3.5;fm;am_1"
"master.wav",34,10.0507256235828,10.2507482993197,5.941,7.32,"dur:0.2;freq:7;fm;am_2"
"master.wav",35,10.3007482993197,10.5007709750567,6.838,7.5,"dur:0.2;freq:7;fm;am_3"
"master.wav",36,10.5507709750567,10.7507936507937,2.66,3.141,"dur:0.2;freq:3;fm;am_2"
"master.wav",37,10.8007936507937,11.0008163265306,1,2.164,"dur:0.2;freq:2;fm;am_3"
"master.wav",38,11.0508163265306,11.2508390022676,2.077,2.5,"dur:0.2;freq:2.5;fm;am_2"
"master.wav",39,11.3008390022676,11.5008616780045,6.752,7.606,"dur:0.2;freq:7;fm;am_4"
"master.wav",40,11.5508616780045,11.7508843537415,0.5,1.555,"dur:0.2;freq:1;fm;am_4"
"master.wav",41,11.8008843537415,12.0009070294785,4.209,4.815,"dur:0.2;freq:4.5;fm;am_3"
"master.wav",42,12.0509070294785,12.2509297052154,5.764,6.869,"dur:0.2;freq:6.5;fm;am_2"
"master.wav",43,12.3009297052154,12.5009523809524,7.989,9.542,"dur:0.2;freq:8;fm;am_2"
"master.wav",44,12.5509523809524,12.7509750566893,5.973,6.905,"dur:0.2;freq:6.5;fm;am_3"
"master.wav",45,12.8009750566893,13.0009977324263,3.013,3.733,"dur:0.2;freq:3.5;fm;am_2"
"master.wav",46,13.0509977324263,13.2510204081633,9.733,10.857,"dur:0.2;freq:10;fm;am_2"
"master.wav",47,13.3010204081633,13.5010430839002,8.284,9.321,"dur:0.2;freq:9.5;fm;am_6"
"master.wav",48,13.5510430839002,13.7510657596372,8,8.539,"dur:0.2;freq:8.5;fm;am_1"
"master.wav",49,13.8010657596372,14.0010884353742,2.366,3.388,"dur:0.2;freq:3;fm;am_3"
"master.wav",50,14.0510884353741,14.2511111111111,1.048,2.28,"dur:0.2;freq:2;fm;am_4"
"master.wav",51,14.3011111111111,14.5011337868481,7.427,8.24,"dur:0.2;freq:8;fm;am_3"
"master.wav",52,14.5511337868481,14.751156462585,1.396,2.385,"dur:0.2;freq:1.5;fm;am_2"
"master.wav",53,14.801156462585,15.001179138322,3.882,5.129,"dur:0.2;freq:5;fm;am_3"
"master.wav",54,15.051179138322,15.251201814059,8.618,9.923,"dur:0.2;freq:8.5;fm;am_2"
"master.wav",55,15.301201814059,15.5012244897959,3.511,4.562,"dur:0.2;freq:4;fm;am_3"
"master.wav",56,15.5512244897959,15.7512471655329,4.983,6.01,"dur:0.2;freq:6;fm;am_2"
"master.wav",57,15.8012471655329,16.0012698412698,1.168,2.06,"dur:0.2;freq:1;fm;am_5"
"master.wav",58,16.0512698412698,16.2512925170068,5.895,6.947,"dur:0.2;freq:7;fm;am_5"
"master.wav",59,16.3012925170068,16.5013151927438,1.38,2.136,"dur:0.2;freq:2;fm;am_5"
"master.wav",60,16.5513151927438,16.7513378684807,7.021,8.197,"dur:0.2;freq:8;fm;am_4"
"master.wav",61,16.8013378684807,17.0013605442177,3.466,4.218,"dur:0.2;freq:4;fm;am_4"
"master.wav",62,17.0513605442177,17.2513832199546,8.3,8.7,"dur:0.2;freq:8.5;tonal;am_1"
"master.wav",63,17.3013832199546,17.5014058956916,3.3,3.7,"dur:0.2;freq:3.5;tonal;am_1"
"master.wav",64,17.5514058956916,17.7514285714286,0.8,1.2,"dur:0.2;freq:1;tonal;am_1"
"master.wav",65,17.8014285714286,18.0014512471655,6.8,7.2,"dur:0.2;freq:7;tonal;am_1"
"master.wav",66,18.0514512471655,18.2514739229025,8.8,9.2,"dur:0.2;freq:9;tonal;am_1"
"master.wav",67,18.3014739229025,18.5014965986395,4.3,4.7,"dur:0.2;freq:4.5;tonal;am_1"
"master.wav",68,18.5514965986395,18.7515192743764,2.3,2.7,"dur:0.2;freq:2.5;tonal;am_1"
"master.wav",69,18.8015192743764,19.0015419501134,9.3,9.7,"dur:0.2;freq:9.5;tonal;am_1"
"master.wav",70,19.0515419501134,19.2515646258503,2.3,2.7,"dur:0.2;freq:2.5;tonal;am_2"
"master.wav",71,19.3015646258503,19.5015873015873,5.8,6.2,"dur:0.2;freq:6;tonal;am_1"
"master.wav",72,19.5515873015873,19.7516099773243,1.3,1.7,"dur:0.2;freq:1.5;tonal;am_1"
"master.wav",73,19.8016099773243,20.0016326530612,9.8,10.2,"dur:0.2;freq:10;tonal;am_1"
"master.wav",74,20.0516326530612,20.2516553287982,7.8,8.2,"dur:0.2;freq:8;tonal;am_1"
"master.wav",75,20.3016553287982,20.5016780045351,0.3,0.7,"dur:0.2;freq:0.5;tonal;am_1"
"master.wav",76,20.5516780045351,20.7517006802721,5.3,5.7,"dur:0.2;freq:5.5;tonal;am_1"
"master.wav",77,20.8017006802721,21.0017233560091,9.8,10.2,"dur:0.2;freq:10;tonal;am_2"
"master.wav",78,21.0517233560091,21.251746031746,1.3,1.7,"dur:0.2;freq:1.5;tonal;am_2"
"master.wav",79,21.301746031746,21.501768707483,0.8,1.2,"dur:0.2;freq:1;tonal;am_2"
"master.wav",80,21.551768707483,21.75179138322,5.8,6.2,"dur:0.2;freq:6;tonal;am_2"
"master.wav",81,21.80179138322,22.0018140589569,4.8,5.2,"dur:0.2;freq:5;tonal;am_1"
"master.wav",82,22.0518140589569,22.2518367346939,2.8,3.2,"dur:0.2;freq:3;tonal;am_1"
"master.wav",83,22.3018367346939,22.5018594104308,0.3,0.7,"dur:0.2;freq:0.5;tonal;am_2"
"master.wav",84,22.5518594104308,22.7518820861678,7.3,7.7,"dur:0.2;freq:7.5;tonal;am_1"
"master.wav",85,22.8018820861678,23.0019047619048,4.8,5.2,"dur:0.2;freq:5;tonal;am_2"
"master.wav",86,23.0519047619048,23.2519274376417,8.3,8.7,"dur:0.2;freq:8.5;tonal;am_2"
"master.wav",87,23.3019274376417,23.5019501133787,5.3,5.7,"dur:0.2;freq:5.5;tonal;am_2"
"master.wav",88,23.5519501133787,23.7519727891156,9.3,9.7,"dur:0.2;freq:9.5;tonal;am_2"
"master.wav",89,23.8019727891156,24.0019954648526,3.8,4.2,"dur:0.2;freq:4;tonal;am_1"
"master.wav",90,24.0519954648526,24.2520181405896,5.3,5.7,"dur:0.2;freq:5.5;tonal;am_3"
"master.wav",91,24.3020181405896,24.5020408163265,4.8,5.2,"dur:0.2;freq:5;tonal;am_3"
"master.wav",92,24.5520408163265,24.7520634920635,9.3,9.7,"dur:0.2;freq:9.5;tonal;am_3"
"master.wav",93,24.8020634920635,25.0020861678005,3.3,3.7,"dur:0.2;freq:3.5;tonal;am_2"
"master.wav",94,25.0520861678005,25.2521088435374,6.8,7.2,"dur:0.2;freq:7;tonal;am_2"
"master.wav",95,25.3021088435374,25.5021315192744,7.3,7.7,"dur:0.2;freq:7.5;tonal;am_2"
"master.wav",96,25.5521315192744,25.7521541950113,2.8,3.2,"dur:0.2;freq:3;tonal;am_2"
"master.wav",97,25.8021541950113,26.0021768707483,0.8,1.2,"dur:0.2;freq:1;tonal;am_3"
"master.wav",98,26.0521768707483,26.2521995464853,2.3,2.7,"dur:0.2;freq:2.5;tonal;am_3"
"master.wav",99,26.3021995464853,26.5022222222222,6.8,7.2,"dur:0.2;freq:7;tonal;am_3"
"master.wav",100,26.5522222222222,26.7522448979592,0.3,0.7,"dur:0.2;freq:0.5;tonal;am_3"
"master.wav",101,26.8022448979592,27.0022675736961,4.3,4.7,"dur:0.2;freq:4.5;tonal;am_2"
"master.wav",102,27.0522675736961,27.2522902494331,6.3,6.7,"dur:0.2;freq:6.5;tonal;am_1"
"master.wav",103,27.3022902494331,27.5023129251701,8.3,8.7,"dur:0.2;freq:8.5;tonal;am_3"
"master.wav",104,27.5523129251701,27.752335600907,6.3,6.7,"dur:0.2;freq:6.5;tonal;am_2"
"master.wav",105,27.802335600907,28.002358276644,3.3,3.7,"dur:0.2;freq:3.5;tonal;am_3"
"master.wav",106,28.052358276644,28.2523809523809,9.8,10.2,"dur:0.2;freq:10;tonal;am_3"
"master.wav",107,28.302380952381,28.5024036281179,8.8,9.2,"dur:0.2;freq:9;tonal;am_2"
"master.wav",108,28.5524036281179,28.7524263038549,7.8,8.2,"dur:0.2;freq:8;tonal;am_2"
"master.wav",109,28.8024263038549,29.0024489795918,2.8,3.2,"dur:0.2;freq:3;tonal;am_3"
"master.wav",110,29.0524489795918,29.2524716553288,1.8,2.2,"dur:0.2;freq:2;tonal;am_1"
"master.wav",111,29.3024716553288,29.5024943310658,7.8,8.2,"dur:0.2;freq:8;tonal;am_3"
"master.wav",112,29.5524943310658,29.7525170068027,1.3,1.7,"dur:0.2;freq:1.5;tonal;am_3"
"master.wav",113,29.8025170068027,30.0025396825397,4.3,4.7,"dur:0.2;freq:4.5;tonal;am_3"
"master.wav",114,30.0525396825397,30.2525623582766,8.8,9.2,"dur:0.2;freq:9;tonal;am_3"
"master.wav",115,30.3025623582766,30.5025850340136,3.8,4.2,"dur:0.2;freq:4;tonal;am_2"
"master.wav",116,30.5525850340136,30.7526077097506,5.8,6.2,"dur:0.2;freq:6;tonal;am_3"
"master.wav",117,30.8026077097506,31.0026303854875,1.8,2.2,"dur:0.2;freq:2;tonal;am_2"
"master.wav",118,31.0526303854875,31.2526530612245,6.3,6.7,"dur:0.2;freq:6.5;tonal;am_3"
"master.wav",119,31.3026530612245,31.5026757369615,1.8,2.2,"dur:0.2;freq:2;tonal;am_3"
"master.wav",120,31.5526757369615,31.7526984126984,7.3,7.7,"dur:0.2;freq:7.5;tonal;am_3"
"master.wav",121,31.8026984126984,32.0027210884354,3.8,4.2,"dur:0.2;freq:4;tonal;am_3"
"master.wav",122,32.0527210884354,32.1527437641723,8.3,8.7,"dur:0.1;freq:8.5;tonal;flat_1"
"master.wav",123,32.2027437641723,32.3027664399093,3.3,3.7,"dur:0.1;freq:3.5;tonal;flat_1"
"master.wav",124,32.3527664399093,32.4527891156463,0.8,1.2,"dur:0.1;freq:1;tonal;flat_1"
"master.wav",125,32.5027891156463,32.6028117913832,6.8,7.2,"dur:0.1;freq:7;tonal;flat_1"
"master.wav",126,32.6528117913832,32.7528344671202,8.8,9.2,"dur:0.1;freq:9;tonal;flat_1"
"master.wav",127,32.8028344671202,32.9028571428571,4.3,4.7,"dur:0.1;freq:4.5;tonal;flat_1"
"master.wav",128,32.9528571428571,33.0528798185941,2.3,2.7,"dur:0.1;freq:2.5;tonal;flat_1"
"master.wav",129,33.1028798185941,33.2029024943311,9.3,9.7,"dur:0.1;freq:9.5;tonal;flat_1"
"master.wav",130,33.2529024943311,33.352925170068,2.3,2.7,"dur:0.1;freq:2.5;tonal;flat_2"
"master.wav",131,33.402925170068,33.502947845805,5.8,6.2,"dur:0.1;freq:6;tonal;flat_1"
"master.wav",132,33.552947845805,33.6529705215419,1.3,1.7,"dur:0.1;freq:1.5;tonal;flat_1"
"master.wav",133,33.7029705215419,33.8029931972789,9.8,10.2,"dur:0.1;freq:10;tonal;flat_1"
"master.wav",134,33.8529931972789,33.9530158730159,7.8,8.2,"dur:0.1;freq:8;tonal;flat_1"
"master.wav",135,34.0030158730159,34.1030385487528,0.3,0.7,"dur:0.1;freq:0.5;tonal;flat_1"
"master.wav",136,34.1530385487528,34.2530612244898,5.3,5.7,"dur:0.1;freq:5.5;tonal;flat_1"
"master.wav",137,34.3030612244898,34.4030839002268,9.8,10.2,"dur:0.1;freq:10;tonal;flat_2"
"master.wav",138,34.4530839002268,34.5531065759637,1.3,1.7,"dur:0.1;freq:1.5;tonal;flat_2"
"master.wav",139,34.6031065759637,34.7031292517007,0.8,1.2,"dur:0.1;freq:1;tonal;flat_2"
"master.wav",140,34.7531292517007,34.8531519274376,5.8,6.2,"dur:0.1;freq:6;tonal;flat_2"
"master.wav",141,34.9031519274376,35.0031746031746,4.8,5.2,"dur:0.1;freq:5;tonal;flat_1"
"master.wav",142,35.0531746031746,35.1531972789116,2.8,3.2,"dur:0.1;freq:3;tonal;flat_1"
"master.wav",143,35.2031972789116,35.3032199546485,0.3,0.7,"dur:0.1;freq:0.5;tonal;flat_2"
"master.wav",144,35.3532199546485,35.4532426303855,7.3,7.7,"dur:0.1;freq:7.5;tonal;flat_1"
"master.wav",145,35.5032426303855,35.6032653061224,4.8,5.2,"dur:0.1;freq:5;tonal;flat_2"
"master.wav",146,35.6532653061224,35.7532879818594,8.3,8.7,"dur:0.1;freq:8.5;tonal;flat_2"
"master.wav",147,35.8032879818594,35.9033106575964,5.3,5.7,"dur:0.1;freq:5.5;tonal;flat_2"
"master.wav",148,35.9533106575964,36.0533333333333,9.3,9.7,"dur:0.1;freq:9.5;tonal;flat_2"
"master.wav",149,36.1033333333333,36.2033560090703,3.8,4.2,"dur:0.1;freq:4;tonal;flat_1"
"master.wav",150,36.2533560090703,36.3533786848073,5.3,5.7,"dur:0.1;freq:5.5;tonal;flat_3"
"master.wav",151,36.4033786848073,36.5034013605442,4.8,5.2,"dur:0.1;freq:5;tonal;flat_3"
"master.wav",152,36.5534013605442,36.6534240362812,9.3,9.7,"dur:0.1;freq:9.5;tonal;flat_3"
"master.wav",153,36.7034240362812,36.8034467120181,3.3,3.7,"dur:0.1;freq:3.5;tonal;flat_2"
"master.wav",154,36.8534467120181,36.9534693877551,6.8,7.2,"dur:0.1;freq:7;tonal;flat_2"
"master.wav",155,37.0034693877551,37.1034920634921,7.3,7.7,"dur:0.1;freq:7.5;tonal;flat_2"
"master.wav",156,37.1534920634921,37.253514739229,2.8,3.2,"dur:0.1;freq:3;tonal;flat_2"
"master.wav",157,37.303514739229,37.403537414966,0.8,1.2,"dur:0.1;freq:1;tonal;flat_3"
"master.wav",158,37.453537414966,37.5535600907029,2.3,2.7,"dur:0.1;freq:2.5;tonal;flat_3"
"master.wav",159,37.6035600907029,37.7035827664399,6.8,7.2,"dur:0.1;freq:7;tonal;flat_3"
"master.wav",160,37.7535827664399,37.8536054421769,0.3,0.7,"dur:0.1;freq:0.5;tonal;flat_3"
"master.wav",161,37.9036054421769,38.0036281179138,4.3,4.7,"dur:0.1;freq:4.5;tonal;flat_2"
"master.wav",162,38.0536281179138,38.1536507936508,6.3,6.7,"dur:0.1;freq:6.5;tonal;flat_1"
"master.wav",163,38.2036507936508,38.3036734693878,8.3,8.7,"dur:0.1;freq:8.5;tonal;flat_3"
"master.wav",164,38.3536734693878,38.4536961451247,6.3,6.7,"dur:0.1;freq:6.5;tonal;flat_2"
"master.wav",165,38.5036961451247,38.6037188208617,3.3,3.7,"dur:0.1;freq:3.5;tonal;flat_3"
"master.wav",166,38.6537188208617,38.7537414965986,9.8,10.2,"dur:0.1;freq:10;tonal;flat_3"
"master.wav",167,38.8037414965986,38.9037641723356,8.8,9.2,"dur:0.1;freq:9;tonal;flat_2"
"master.wav",168,38.9537641723356,39.0537868480726,7.8,8.2,"dur:0.1;freq:8;tonal;flat_2"
"master.wav",169,39.1037868480726,39.2038095238095,2.8,3.2,"dur:0.1;freq:3;tonal;flat_3"
"master.wav",170,39.2538095238095,39.3538321995465,1.8,2.2,"dur:0.1;freq:2;tonal;flat_1"
"master.wav",171,39.4038321995465,39.5038548752834,7.8,8.2,"dur:0.1;freq:8;tonal;flat_3"
"master.wav",172,39.5538548752834,39.6538775510204,1.3,1.7,"dur:0.1;freq:1.5;tonal;flat_3"
"master.wav",173,39.7038775510204,39.8039002267574,4.3,4.7,"dur:0.1;freq:4.5;tonal;flat_3"
"master.wav",174,39.8539002267574,39.9539229024943,8.8,9.2,"dur:0.1;freq:9;tonal;flat_3"
"master.wav",175,40.0039229024943,40.1039455782313,3.8,4.2,"dur:0.1;freq:4;tonal;flat_2"
"master.wav",176,40.1539455782313,40.2539682539683,5.8,6.2,"dur:0.1;freq:6;tonal;flat_3"
"master.wav",177,40.3039682539683,40.4039909297052,1.8,2.2,"dur:0.1;freq:2;tonal;flat_2"
"master.wav",178,40.4539909297052,40.5540136054422,6.3,6.7,"dur:0.1;freq:6.5;tonal;flat_3"
"master.wav",179,40.6040136054422,40.7040362811791,1.8,2.2,"dur:0.1;freq:2;tonal;flat_3"
"master.wav",180,40.7540362811791,40.8540589569161,7.3,7.7,"dur:0.1;freq:7.5;tonal;flat_3"
"master.wav",181,40.9040589569161,41.0040816326531,3.8,4.2,"dur:0.1;freq:4;tonal;flat_3"
"master.wav",182,41.0540816326531,41.25410430839,7.875,8.805,"dur:0.2;freq:9;fm;flat_1"
"master.wav",183,41.30410430839,41.504126984127,3.208,4.069,"dur:0.2;freq:4;fm;flat_1"
"master.wav",184,41.554126984127,41.7541496598639,0.422,1.223,"dur:0.2;freq:1;fm;flat_1"
"master.wav",185,41.8041496598639,42.0041723356009,6.905,7.917,"dur:0.2;freq:7;fm;flat_1"
"master.wav",186,42.0541723356009,42.2541950113379,8.417,9.416,"dur:0.2;freq:9.5;fm;flat_1"
"master.wav",187,42.3041950113379,42.5042176870748,4.171,4.839,"dur:0.2;freq:4.5;fm;flat_1"
"master.wav",188,42.5542176870748,42.7542403628118,2.097,2.961,"dur:0.2;freq:3;fm;flat_1"
"master.wav",189,42.8042403628118,43.0042630385487,9.181,10.033,"dur:0.2;freq:9.5;fm;flat_2"
"master.wav",190,43.0542630385488,43.2542857142857,1.849,2.506,"dur:0.2;freq:2;fm;flat_1"
"master.wav",191,43.3042857142857,43.5043083900227,5.632,6.83,"dur:0.2;freq:6.5;fm;flat_1"
"master.wav",192,43.5543083900227,43.7543310657596,1.474,2.55,"dur:0.2;freq:1.5;fm;flat_1"
"master.wav",193,43.8043310657596,44.0043537414966,9.598,10.233,"dur:0.2;freq:10;fm;flat_1"
"master.wav",194,44.0543537414966,44.2543764172336,7.317,8.141,"dur:0.2;freq:8;fm;flat_1"
"master.wav",195,44.3043764172336,44.5043990929705,0.1,0.81,"dur:0.2;freq:1;fm;flat_2"
"master.wav",196,44.5543990929705,44.7544217687075,5.396,6.152,"dur:0.2;freq:5.5;fm;flat_1"
"master.wav",197,44.8044217687075,45.0044444444444,9.435,10.377,"dur:0.2;freq:9.5;fm;flat_3"
"master.wav",198,45.0544444444444,45.2544671201814,1.23,2.525,"dur:0.2;freq:2;fm;flat_2"
"master.wav",199,45.3044671201814,45.5044897959184,0.836,1.646,"dur:0.2;freq:1;fm;flat_3"
"master.wav",200,45.5544897959184,45.7545124716553,5.718,7.372,"dur:0.2;freq:6;fm;flat_1"
"master.wav",201,45.8045124716553,46.0045351473923,4.792,5.287,"dur:0.2;freq:5;fm;flat_1"
"master.wav",202,46.0545351473923,46.2545578231293,2.461,3.506,"dur:0.2;freq:2.5;fm;flat_1"
"master.wav",203,46.3045578231293,46.5045804988662,0.365,1.098,"dur:0.2;freq:0.5;fm;flat_1"
"master.wav",204,46.5545804988662,46.7546031746032,7.176,7.777,"dur:0.2;freq:8;fm;flat_2"
"master.wav",205,46.8046031746032,47.0046258503401,3.654,5,"dur:0.2;freq:4.5;fm;flat_2"
"master.wav",206,47.0546258503401,47.2546485260771,8.5,9.652,"dur:0.2;freq:9.5;fm;flat_4"
"master.wav",207,47.3046485260771,47.5046712018141,4.933,6.011,"dur:0.2;freq:5;fm;flat_2"
"master.wav",208,47.5546712018141,47.754693877551,9.013,10.015,"dur:0.2;freq:9.5;fm;flat_5"
"master.wav",209,47.804693877551,48.004716553288,3.624,4.12,"dur:0.2;freq:4;fm;flat_2"
"master.wav",210,48.054716553288,48.2547392290249,5.027,5.695,"dur:0.2;freq:5.5;fm;flat_2"
"master.wav",211,48.3047392290249,48.5047619047619,4.788,5.593,"dur:0.2;freq:5.5;fm;flat_3"
"master.wav",212,48.5547619047619,48.7547845804989,8.076,9.5,"dur:0.2;freq:9;fm;flat_2"
"master.wav",213,48.8047845804989,49.0048072562358,3.158,4.333,"dur:0.2;freq:3.5;fm;flat_1"
"master.wav",214,49.0548072562358,49.2548299319728,5.941,7.32,"dur:0.2;freq:7;fm;flat_2"
"master.wav",215,49.3048299319728,49.5048526077098,6.838,7.5,"dur:0.2;freq:7;fm;flat_3"
"master.wav",216,49.5548526077097,49.7548752834467,2.66,3.141,"dur:0.2;freq:3;fm;flat_2"
"master.wav",217,49.8048752834467,50.0048979591837,1,2.164,"dur:0.2;freq:2;fm;flat_3"
"master.wav",218,50.0548979591837,50.2549206349206,2.077,2.5,"dur:0.2;freq:2.5;fm;flat_2"
"master.wav",219,50.3049206349206,50.5049433106576,6.752,7.606,"dur:0.2;freq:7;fm;flat_4"
"master.wav",220,50.5549433106576,50.7549659863946,0.5,1.555,"dur:0.2;freq:1;fm;flat_4"
"master.wav",221,50.8049659863946,51.0049886621315,4.209,4.815,"dur:0.2;freq:4.5;fm;flat_3"
"master.wav",222,51.0549886621315,51.2550113378685,5.764,6.869,"dur:0.2;freq:6.5;fm;flat_2"
"master.wav",223,51.3050113378685,51.5050340136054,7.989,9.542,"dur:0.2;freq:8;fm;flat_3"
"master.wav",224,51.5550340136054,51.7550566893424,5.973,6.905,"dur:0.2;freq:6.5;fm;flat_3"
"master.wav",225,51.8050566893424,52.0050793650794,3.013,3.733,"dur:0.2;freq:3.5;fm;flat_2"
"master.wav",226,52.0550793650794,52.2551020408163,9.733,10.857,"dur:0.2;freq:10;fm;flat_2"
"master.wav",227,52.3051020408163,52.5051247165533,8.284,9.321,"dur:0.2;freq:9.5;fm;flat_6"
"master.wav",228,52.5551247165533,52.7551473922902,8,8.539,"dur:0.2;freq:8.5;fm;flat_1"
"master.wav",229,52.8051473922903,53.0051700680272,2.366,3.388,"dur:0.2;freq:3;fm;flat_3"
"master.wav",230,53.0551700680272,53.2551927437642,1.048,2.28,"dur:0.2;freq:2;fm;flat_4"
"master.wav",231,53.3051927437642,53.5052154195011,7.427,8.24,"dur:0.2;freq:8;fm;flat_4"
"master.wav",232,53.5552154195011,53.7552380952381,1.396,2.385,"dur:0.2;freq:1.5;fm;flat_2"
"master.wav",233,53.8052380952381,54.0052607709751,3.882,5.129,"dur:0.2;freq:5;fm;flat_3"
"master.wav",234,54.0552607709751,54.255283446712,8.618,9.923,"dur:0.2;freq:8.5;fm;flat_2"
"master.wav",235,54.305283446712,54.505306122449,3.511,4.562,"dur:0.2;freq:4;fm;flat_3"
"master.wav",236,54.555306122449,54.7553287981859,4.983,6.01,"dur:0.2;freq:6;fm;flat_2"
"master.wav",237,54.8053287981859,55.0053514739229,1.168,2.06,"dur:0.2;freq:1;fm;flat_5"
"master.wav",238,55.0553514739229,55.2553741496599,5.895,6.947,"dur:0.2;freq:7;fm;flat_5"
"master.wav",239,55.3053741496599,55.5053968253968,1.38,2.136,"dur:0.2;freq:2;fm;flat_5"
"master.wav",240,55.5553968253968,55.7554195011338,7.021,8.197,"dur:0.2;freq:8;fm;flat_5"
"master.wav",241,55.8054195011338,56.0054421768707,3.466,4.218,"dur:0.2;freq:4;fm;flat_4"
"master.wav",242,56.0554421768707,56.1554648526077,8.3,8.7,"dur:0.1;freq:8.5;tonal;am_1"
"master.wav",243,56.2054648526077,56.3054875283447,3.3,3.7,"dur:0.1;freq:3.5;tonal;am_1"
"master.wav",244,56.3554875283447,56.4555102040816,0.8,1.2,"dur:0.1;freq:1;tonal;am_1"
"master.wav",245,56.5055102040816,56.6055328798186,6.8,7.2,"dur:0.1;freq:7;tonal;am_1"
"master.wav",246,56.6555328798186,56.7555555555556,8.8,9.2,"dur:0.1;freq:9;tonal;am_1"
"master.wav",247,56.8055555555556,56.9055782312925,4.3,4.7,"dur:0.1;freq:4.5;tonal;am_1"
"master.wav",248,56.9555782312925,57.0556009070295,2.3,2.7,"dur:0.1;freq:2.5;tonal;am_1"
"master.wav",249,57.1056009070295,57.2056235827664,9.3,9.7,"dur:0.1;freq:9.5;tonal;am_1"
"master.wav",250,57.2556235827664,57.3556462585034,2.3,2.7,"dur:0.1;freq:2.5;tonal;am_2"
"master.wav",251,57.4056462585034,57.5056689342404,5.8,6.2,"dur:0.1;freq:6;tonal;am_1"
"master.wav",252,57.5556689342404,57.6556916099773,1.3,1.7,"dur:0.1;freq:1.5;tonal;am_1"
"master.wav",253,57.7056916099773,57.8057142857143,9.8,10.2,"dur:0.1;freq:10;tonal;am_1"
"master.wav",254,57.8557142857143,57.9557369614512,7.8,8.2,"dur:0.1;freq:8;tonal;am_1"
"master.wav",255,58.0057369614512,58.1057596371882,0.3,0.7,"dur:0.1;freq:0.5;tonal;am_1"
"master.wav",256,58.1557596371882,58.2557823129252,5.3,5.7,"dur:0.1;freq:5.5;tonal;am_1"
"master.wav",257,58.3057823129252,58.4058049886621,9.8,10.2,"dur:0.1;freq:10;tonal;am_2"
"master.wav",258,58.4558049886621,58.5558276643991,1.3,1.7,"dur:0.1;freq:1.5;tonal;am_2"
"master.wav",259,58.6058276643991,58.7058503401361,0.8,1.2,"dur:0.1;freq:1;tonal;am_2"
"master.wav",260,58.7558503401361,58.855873015873,5.8,6.2,"dur:0.1;freq:6;tonal;am_2"
"master.wav",261,58.905873015873,59.00589569161,4.8,5.2,"dur:0.1;freq:5;tonal;am_1"
"master.wav",262,59.05589569161,59.1559183673469,2.8,3.2,"dur:0.1;freq:3;tonal;am_1"
"master.wav",263,59.2059183673469,59.3059410430839,0.3,0.7,"dur:0.1;freq:0.5;tonal;am_2"
"master.wav",264,59.3559410430839,59.4559637188209,7.3,7.7,"dur:0.1;freq:7.5;tonal;am_1"
"master.wav",265,59.5059637188209,59.6059863945578,4.8,5.2,"dur:0.1;freq:5;tonal;am_2"
"master.wav",266,59.6559863945578,59.7560090702948,8.3,8.7,"dur:0.1;freq:8.5;tonal;am_2"
"master.wav",267,59.8060090702948,59.9060317460317,5.3,5.7,"dur:0.1;freq:5.5;tonal;am_2"
"master.wav",268,59.9560317460317,60.0560544217687,9.3,9.7,"dur:0.1;freq:9.5;tonal;am_2"
"master.wav",269,60.1060544217687,60.2060770975057,3.8,4.2,"dur:0.1;freq:4;tonal;am_1"
"master.wav",270,60.2560770975057,60.3560997732426,5.3,5.7,"dur:0.1;freq:5.5;tonal;am_3"
"master.wav",271,60.4060997732426,60.5061224489796,4.8,5.2,"dur:0.1;freq:5;tonal;am_3"
"master.wav",272,60.5561224489796,60.6561451247166,9.3,9.7,"dur:0.1;freq:9.5;tonal;am_3"
"master.wav",273,60.7061451247166,60.8061678004535,3.3,3.7,"dur:0.1;freq:3.5;tonal;am_2"
"master.wav",274,60.8561678004535,60.9561904761905,6.8,7.2,"dur:0.1;freq:7;tonal;am_2"
"master.wav",275,61.0061904761905,61.1062131519274,7.3,7.7,"dur:0.1;freq:7.5;tonal;am_2"
"master.wav",276,61.1562131519274,61.2562358276644,2.8,3.2,"dur:0.1;freq:3;tonal;am_2"
"master.wav",277,61.3062358276644,61.4062585034014,0.8,1.2,"dur:0.1;freq:1;tonal;am_3"
"master.wav",278,61.4562585034014,61.5562811791383,2.3,2.7,"dur:0.1;freq:2.5;tonal;am_3"
"master.wav",279,61.6062811791383,61.7063038548753,6.8,7.2,"dur:0.1;freq:7;tonal;am_3"
"master.wav",280,61.7563038548753,61.8563265306122,0.3,0.7,"dur:0.1;freq:0.5;tonal;am_3"
"master.wav",281,61.9063265306122,62.0063492063492,4.3,4.7,"dur:0.1;freq:4.5;tonal;am_2"
"master.wav",282,62.0563492063492,62.1563718820862,6.3,6.7,"dur:0.1;freq:6.5;tonal;am_1"
"master.wav",283,62.2063718820862,62.3063945578231,8.3,8.7,"dur:0.1;freq:8.5;tonal;am_3"
"master.wav",284,62.3563945578231,62.4564172335601,6.3,6.7,"dur:0.1;freq:6.5;tonal;am_2"
"master.wav",285,62.5064172335601,62.6064399092971,3.3,3.7,"dur:0.1;freq:3.5;tonal;am_3"
"master.wav",286,62.656439909297,62.756462585034,9.8,10.2,"dur:0.1;freq:10;tonal;am_3"
"master.wav",287,62.806462585034,62.906485260771,8.8,9.2,"dur:0.1;freq:9;tonal;am_2"
"master.wav",288,62.956485260771,63.0565079365079,7.8,8.2,"dur:0.1;freq:8;tonal;am_2"
"master.wav",289,63.1065079365079,63.2065306122449,2.8,3.2,"dur:0.1;freq:3;tonal;am_3"
"master.wav",290,63.2565306122449,63.3565532879819,1.8,2.2,"dur:0.1;freq:2;tonal;am_1"
"master.wav",291,63.4065532879819,63.5065759637188,7.8,8.2,"dur:0.1;freq:8;tonal;am_3"
"master.wav",292,63.5565759637188,63.6565986394558,1.3,1.7,"dur:0.1;freq:1.5;tonal;am_3"
"master.wav",293,63.7065986394558,63.8066213151927,4.3,4.7,"dur:0.1;freq:4.5;tonal;am_3"
"master.wav",294,63.8566213151927,63.9566439909297,8.8,9.2,"dur:0.1;freq:9;tonal;am_3"
"master.wav",295,64.0066439909297,64.1066666666667,3.8,4.2,"dur:0.1;freq:4;tonal;am_2"
"master.wav",296,64.1566666666667,64.2566893424036,5.8,6.2,"dur:0.1;freq:6;tonal;am_3"
"master.wav",297,64.3066893424036,64.4067120181406,1.8,2.2,"dur:0.1;freq:2;tonal;am_2"
"master.wav",298,64.4567120181406,64.5567346938776,6.3,6.7,"dur:0.1;freq:6.5;tonal;am_3"
"master.wav",299,64.6067346938776,64.7067573696145,1.8,2.2,"dur:0.1;freq:2;tonal;am_3"
"master.wav",300,64.7567573696145,64.8567800453515,7.3,7.7,"dur:0.1;freq:7.5;tonal;am_3"
"master.wav",301,64.9067800453515,65.0068027210884,3.8,4.2,"dur:0.1;freq:4;tonal;am_3"
"master.wav",302,65.0568027210884,65.2568253968254,8.3,8.7,"dur:0.2;freq:8.5;tonal;flat_1"
"master.wav",303,65.3068253968254,65.5068480725624,3.3,3.7,"dur:0.2;freq:3.5;tonal;flat_1"
"master.wav",304,65.5568480725624,65.7568707482993,0.8,1.2,"dur:0.2;freq:1;tonal;flat_1"
"master.wav",305,65.8068707482993,66.0068934240363,6.8,7.2,"dur:0.2;freq:7;tonal;flat_1"
"master.wav",306,66.0568934240363,66.2569160997732,8.8,9.2,"dur:0.2;freq:9;tonal;flat_1"
"master.wav",307,66.3069160997732,66.5069387755102,4.3,4.7,"dur:0.2;freq:4.5;tonal;flat_1"
"master.wav",308,66.5569387755102,66.7569614512472,2.3,2.7,"dur:0.2;freq:2.5;tonal;flat_1"
"master.wav",309,66.8069614512472,67.0069841269841,9.3,9.7,"dur:0.2;freq:9.5;tonal;flat_1"
"master.wav",310,67.0569841269841,67.2570068027211,2.3,2.7,"dur:0.2;freq:2.5;tonal;flat_2"
"master.wav",311,67.3070068027211,67.5070294784581,5.8,6.2,"dur:0.2;freq:6;tonal;flat_1"
"master.wav",312,67.557029478458,67.757052154195,1.3,1.7,"dur:0.2;freq:1.5;tonal;flat_1"
"master.wav",313,67.807052154195,68.007074829932,9.8,10.2,"dur:0.2;freq:10;tonal;flat_1"
"master.wav",314,68.057074829932,68.2570975056689,7.8,8.2,"dur:0.2;freq:8;tonal;flat_1"
"master.wav",315,68.3070975056689,68.5071201814059,0.3,0.7,"dur:0.2;freq:0.5;tonal;flat_1"
"master.wav",316,68.5571201814059,68.7571428571429,5.3,5.7,"dur:0.2;freq:5.5;tonal;flat_1"
"master.wav",317,68.8071428571429,69.0071655328798,9.8,10.2,"dur:0.2;freq:10;tonal;flat_2"
"master.wav",318,69.0571655328798,69.2571882086168,1.3,1.7,"dur:0.2;freq:1.5;tonal;flat_2"
"master.wav",319,69.3071882086168,69.5072108843537,0.8,1.2,"dur:0.2;freq:1;tonal;flat_2"
"master.wav",320,69.5572108843537,69.7572335600907,5.8,6.2,"dur:0.2;freq:6;tonal;flat_2"
"master.wav",321,69.8072335600907,70.0072562358277,4.8,5.2,"dur:0.2;freq:5;tonal;flat_1"
"master.wav",322,70.0572562358277,70.2572789115646,2.8,3.2,"dur:0.2;freq:3;tonal;flat_1"
"master.wav",323,70.3072789115646,70.5073015873016,0.3,0.7,"dur:0.2;freq:0.5;tonal;flat_2"
"master.wav",324,70.5573015873016,70.7573242630385,7.3,7.7,"dur:0.2;freq:7.5;tonal;flat_1"
"master.wav",325,70.8073242630386,71.0073469387755,4.8,5.2,"dur:0.2;freq:5;tonal;flat_2"
"master.wav",326,71.0573469387755,71.2573696145125,8.3,8.7,"dur:0.2;freq:8.5;tonal;flat_2"
"master.wav",327,71.3073696145125,71.5073922902494,5.3,5.7,"dur:0.2;freq:5.5;tonal;flat_2"
"master.wav",328,71.5573922902494,71.7574149659864,9.3,9.7,"dur:0.2;freq:9.5;tonal;flat_2"
"master.wav",329,71.8074149659864,72.0074376417234,3.8,4.2,"dur:0.2;freq:4;tonal;flat_1"
"master.wav",330,72.0574376417234,72.2574603174603,5.3,5.7,"dur:0.2;freq:5.5;tonal;flat_3"
"master.wav",331,72.3074603174603,72.5074829931973,4.8,5.2,"dur:0.2;freq:5;tonal;flat_3"
"master.wav",332,72.5574829931973,72.7575056689342,9.3,9.7,"dur:0.2;freq:9.5;tonal;flat_3"
"master.wav",333,72.8075056689342,73.0075283446712,3.3,3.7,"dur:0.2;freq:3.5;tonal;flat_2"
"master.wav",334,73.0575283446712,73.2575510204082,6.8,7.2,"dur:0.2;freq:7;tonal;flat_2"
"master.wav",335,73.3075510204082,73.5075736961451,7.3,7.7,"dur:0.2;freq:7.5;tonal;flat_2"
"master.wav",336,73.5575736961451,73.7575963718821,2.8,3.2,"dur:0.2;freq:3;tonal;flat_2"
"master.wav",337,73.8075963718821,74.007619047619,0.8,1.2,"dur:0.2;freq:1;tonal;flat_3"
"master.wav",338,74.057619047619,74.257641723356,2.3,2.7,"dur:0.2;freq:2.5;tonal;flat_3"
"master.wav",339,74.307641723356,74.507664399093,6.8,7.2,"dur:0.2;freq:7;tonal;flat_3"
"master.wav",340,74.557664399093,74.7576870748299,0.3,0.7,"dur:0.2;freq:0.5;tonal;flat_3"
"master.wav",341,74.8076870748299,75.0077097505669,4.3,4.7,"dur:0.2;freq:4.5;tonal;flat_2"
"master.wav",342,75.0577097505669,75.2577324263039,6.3,6.7,"dur:0.2;freq:6.5;tonal;flat_1"
"master.wav",343,75.3077324263039,75.5077551020408,8.3,8.7,"dur:0.2;freq:8.5;tonal;flat_3"
"master.wav",344,75.5577551020408,75.7577777777778,6.3,6.7,"dur:0.2;freq:6.5;tonal;flat_2"
"master.wav",345,75.8077777777778,76.0078004535147,3.3,3.7,"dur:0.2;freq:3.5;tonal;flat_3"
"master.wav",346,76.0578004535147,76.2578231292517,9.8,10.2,"dur:0.2;freq:10;tonal;flat_3"
"master.wav",347,76.3078231292517,76.5078458049887,8.8,9.2,"dur:0.2;freq:9;tonal;flat_2"
"master.wav",348,76.5578458049887,76.7578684807256,7.8,8.2,"dur:0.2;freq:8;tonal;flat_2"
"master.wav",349,76.8078684807256,77.0078911564626,2.8,3.2,"dur:0.2;freq:3;tonal;flat_3"
"master.wav",350,77.0578911564626,77.2579138321995,1.8,2.2,"dur:0.2;freq:2;tonal;flat_1"
"master.wav",351,77.3079138321995,77.5079365079365,7.8,8.2,"dur:0.2;freq:8;tonal;flat_3"
"master.wav",352,77.5579365079365,77.7579591836735,1.3,1.7,"dur:0.2;freq:1.5;tonal;flat_3"
"master.wav",353,77.8079591836735,78.0079818594104,4.3,4.7,"dur:0.2;freq:4.5;tonal;flat_3"
"master.wav",354,78.0579818594104,78.2580045351474,8.8,9.2,"dur:0.2;freq:9;tonal;flat_3"
"master.wav",355,78.3080045351474,78.5080272108844,3.8,4.2,"dur:0.2;freq:4;tonal;flat_2"
"master.wav",356,78.5580272108843,78.7580498866213,5.8,6.2,"dur:0.2;freq:6;tonal;flat_3"
"master.wav",357,78.8080498866213,79.0080725623583,1.8,2.2,"dur:0.2;freq:2;tonal;flat_2"
"master.wav",358,79.0580725623583,79.2580952380952,6.3,6.7,"dur:0.2;freq:6.5;tonal;flat_3"
"master.wav",359,79.3080952380952,79.5081179138322,1.8,2.2,"dur:0.2;freq:2;tonal;flat_3"
"master.wav",360,79.5581179138322,79.7581405895692,7.3,7.7,"dur:0.2;freq:7.5;tonal;flat_3"
"master.wav",361,79.8081405895692,80.0081632653061,3.8,4.2,"dur:0.2;freq:4;tonal;flat_3"
"master.wav",782,167.06768707483,167.167709750567,8.5,9.35,"dur:0.1;freq:9;fm;am_1"
"master.wav",783,167.217709750567,167.317732426304,3.208,4.069,"dur:0.1;freq:4;fm;am_1"
"master.wav",784,167.367732426304,167.467755102041,0.422,1.223,"dur:0.1;freq:1;fm;am_1"
"master.wav",785,167.517755102041,167.617777777778,6.905,7.917,"dur:0.1;freq:7;fm;am_1"
"master.wav",786,167.667777777778,167.767800453515,8.417,9.416,"dur:0.1;freq:9;fm;am_2"
"master.wav",787,167.817800453515,167.917823129252,4.171,4.839,"dur:0.1;freq:4.5;fm;am_1"
"master.wav",788,167.967823129252,168.067845804989,2.097,2.961,"dur:0.1;freq:3;fm;am_1"
"master.wav",789,168.117845804989,168.217868480726,9.181,10.033,"dur:0.1;freq:9;fm;am_3"
"master.wav",790,168.267868480726,168.367891156463,1.849,2.506,"dur:0.1;freq:2.5;fm;am_1"
"master.wav",791,168.417891156463,168.5179138322,5.632,6.83,"dur:0.1;freq:7;fm;am_2"
"master.wav",792,168.5679138322,168.667936507937,1.474,2.55,"dur:0.1;freq:1.5;fm;am_1"
"master.wav",793,168.717936507937,168.817959183673,9.598,10.233,"dur:0.1;freq:10;fm;am_1"
"master.wav",794,168.867959183673,168.96798185941,7.317,8.141,"dur:0.1;freq:7.5;fm;am_1"
"master.wav",795,169.01798185941,169.118004535147,0.1,0.81,"dur:0.1;freq:0.5;fm;am_1"
"master.wav",796,169.168004535147,169.268027210884,5.396,6.152,"dur:0.1;freq:5.5;fm;am_1"
"master.wav",797,169.318027210884,169.418049886621,9.435,10.377,"dur:0.1;freq:9.5;fm;am_1"
"master.wav",798,169.468049886621,169.568072562358,1.23,2.525,"dur:0.1;freq:2.5;fm;am_2"
"master.wav",799,169.618072562358,169.718095238095,0.836,1.646,"dur:0.1;freq:1;fm;am_2"
"master.wav",800,169.768095238095,169.868117913832,5.718,7.372,"dur:0.1;freq:6;fm;am_1"
"master.wav",801,169.918117913832,170.018140589569,4.792,5.287,"dur:0.1;freq:5;fm;am_1"
"master.wav",802,170.068140589569,170.168163265306,2.461,3.506,"dur:0.1;freq:2.5;fm;am_3"
"master.wav",803,170.218163265306,170.318185941043,0.365,1.098,"dur:0.1;freq:0.5;fm;am_2"
"master.wav",804,170.368185941043,170.46820861678,7.176,7.777,"dur:0.1;freq:7.5;fm;am_2"
"master.wav",805,170.51820861678,170.618231292517,3.654,5,"dur:0.1;freq:4.5;fm;am_2"
"master.wav",806,170.668231292517,170.768253968254,8.5,9.652,"dur:0.1;freq:9.5;fm;am_2"
"master.wav",807,170.818253968254,170.918276643991,4.933,6.011,"dur:0.1;freq:5.5;fm;am_2"
"master.wav",808,170.968276643991,171.068299319728,9.013,10.015,"dur:0.1;freq:10;fm;am_2"
"master.wav",809,171.118299319728,171.218321995465,3.624,4.12,"dur:0.1;freq:4;fm;am_2"
"master.wav",810,171.268321995465,171.368344671202,5.027,5.695,"dur:0.1;freq:5.5;fm;am_3"
"master.wav",811,171.418344671202,171.518367346939,4.788,5.593,"dur:0.1;freq:5.5;fm;am_4"
"master.wav",812,171.568367346939,171.668390022676,8.076,9.5,"dur:0.1;freq:9;fm;am_4"
"master.wav",813,171.718390022676,171.818412698413,3.158,4.333,"dur:0.1;freq:3.5;fm;am_1"
"master.wav",814,171.868412698413,171.96843537415,5.941,7.32,"dur:0.1;freq:7;fm;am_3"
"master.wav",815,172.01843537415,172.118458049887,6.838,7.5,"dur:0.1;freq:7;fm;am_4"
"master.wav",816,172.168458049887,172.268480725624,2.66,3.141,"dur:0.1;freq:3;fm;am_2"
"master.wav",817,172.318480725624,172.418503401361,1,2.164,"dur:0.1;freq:2;fm;am_1"
"master.wav",818,172.468503401361,172.568526077098,2.077,2.5,"dur:0.1;freq:2.5;fm;am_4"
"master.wav",819,172.618526077097,172.718548752834,6.752,7.606,"dur:0.1;freq:7;fm;am_5"
"master.wav",820,172.768548752834,172.868571428571,0.5,1.555,"dur:0.1;freq:1;fm;am_3"
"master.wav",821,172.918571428571,173.018594104308,4.209,4.815,"dur:0.1;freq:4.5;fm;am_3"
"master.wav",822,173.068594104308,173.168616780045,5.764,6.869,"dur:0.1;freq:6.5;fm;am_1"
"master.wav",823,173.218616780045,173.318639455782,7.989,9.542,"dur:0.1;freq:8.5;fm;am_1"
"master.wav",824,173.368639455782,173.468662131519,5.973,6.905,"dur:0.1;freq:6.5;fm;am_2"
"master.wav",825,173.518662131519,173.618684807256,3.013,3.733,"dur:0.1;freq:3.5;fm;am_2"
"master.wav",826,173.668684807256,173.768707482993,9.733,10.857,"dur:0.1;freq:10;fm;am_3"
"master.wav",827,173.818707482993,173.91873015873,8.284,9.321,"dur:0.1;freq:9;fm;am_5"
"master.wav",828,173.96873015873,174.068752834467,8,8.539,"dur:0.1;freq:8.5;fm;am_2"
"master.wav",829,174.118752834467,174.218775510204,2.366,3.388,"dur:0.1;freq:3;fm;am_3"
"master.wav",830,174.268775510204,174.368798185941,1.048,2.28,"dur:0.1;freq:1.5;fm;am_2"
"master.wav",831,174.418798185941,174.518820861678,7.427,8.24,"dur:0.1;freq:8;fm;am_1"
"master.wav",832,174.568820861678,174.668843537415,1.396,2.385,"dur:0.1;freq:1.5;fm;am_3"
"master.wav",833,174.718843537415,174.818866213152,3.882,5.129,"dur:0.1;freq:5;fm;am_2"
"master.wav",834,174.868866213152,174.968888888889,8.618,9.923,"dur:0.1;freq:9;fm;am_6"
"master.wav",835,175.018888888889,175.118911564626,3.511,4.562,"dur:0.1;freq:4;fm;am_3"
"master.wav",836,175.168911564626,175.268934240363,4.983,6.01,"dur:0.1;freq:6;fm;am_2"
"master.wav",837,175.318934240363,175.4189569161,1.168,2.06,"dur:0.1;freq:1.5;fm;am_4"
"master.wav",838,175.4689569161,175.568979591837,5.895,6.947,"dur:0.1;freq:7;fm;am_6"
"master.wav",839,175.618979591837,175.719002267574,1.38,2.136,"dur:0.1;freq:2;fm;am_2"
"master.wav",840,175.769002267574,175.869024943311,7.021,8.197,"dur:0.1;freq:8;fm;am_2"
"master.wav",841,175.919024943311,176.019047619048,3.466,4.218,"dur:0.1;freq:4;fm;am_4"
"master.wav",842,176.069047619048,176.169070294785,8.5,9.35,"dur:0.1;freq:9;fm;flat_1"
"master.wav",843,176.219070294785,176.319092970522,3.208,4.069,"dur:0.1;freq:4;fm;flat_1"
"master.wav",844,176.369092970522,176.469115646259,0.422,1.223,"dur:0.1;freq:1;fm;flat_1"
"master.wav",845,176.519115646259,176.619138321995,6.905,7.917,"dur:0.1;freq:7;fm;flat_1"
"master.wav",846,176.669138321995,176.769160997732,8.417,9.416,"dur:0.1;freq:9;fm;flat_2"
"master.wav",847,176.819160997732,176.919183673469,4.171,4.839,"dur:0.1;freq:4.5;fm;flat_1"
"master.wav",848,176.969183673469,177.069206349206,2.097,2.961,"dur:0.1;freq:3;fm;flat_1"
"master.wav",849,177.119206349206,177.219229024943,9.181,10.033,"dur:0.1;freq:9;fm;flat_3"
"master.wav",850,177.269229024943,177.36925170068,1.849,2.506,"dur:0.1;freq:2;fm;flat_1"
"master.wav",851,177.41925170068,177.519274376417,5.632,6.83,"dur:0.1;freq:7;fm;flat_2"
"master.wav",852,177.569274376417,177.669297052154,1.474,2.55,"dur:0.1;freq:1.5;fm;flat_1"
"master.wav",853,177.719297052154,177.819319727891,9.598,10.233,"dur:0.1;freq:10;fm;flat_1"
"master.wav",854,177.869319727891,177.969342403628,7.317,8.141,"dur:0.1;freq:8;fm;flat_1"
"master.wav",855,178.019342403628,178.119365079365,0.1,0.81,"dur:0.1;freq:0.5;fm;flat_1"
"master.wav",856,178.169365079365,178.269387755102,5.396,6.152,"dur:0.1;freq:5.5;fm;flat_1"
"master.wav",857,178.319387755102,178.419410430839,9.435,10.377,"dur:0.1;freq:9.5;fm;flat_1"
"master.wav",858,178.469410430839,178.569433106576,1.23,2.525,"dur:0.1;freq:2.5;fm;flat_1"
"master.wav",859,178.619433106576,178.719455782313,0.836,1.646,"dur:0.1;freq:1;fm;flat_2"
"master.wav",860,178.769455782313,178.86947845805,5.718,7.372,"dur:0.1;freq:6;fm;flat_1"
"master.wav",861,178.91947845805,179.019501133787,4.792,5.287,"dur:0.1;freq:5;fm;flat_1"
"master.wav",862,179.069501133787,179.169523809524,2.461,3.506,"dur:0.1;freq:2.5;fm;flat_2"
"master.wav",863,179.219523809524,179.319546485261,0.365,1.098,"dur:0.1;freq:0.5;fm;flat_2"
"master.wav",864,179.369546485261,179.469569160998,7.176,7.777,"dur:0.1;freq:7.5;fm;flat_1"
"master.wav",865,179.519569160998,179.619591836735,3.654,5,"dur:0.1;freq:4.5;fm;flat_2"
"master.wav",866,179.669591836735,179.769614512472,8.5,9.652,"dur:0.1;freq:9.5;fm;flat_2"
"master.wav",867,179.819614512472,179.919637188209,4.933,6.011,"dur:0.1;freq:5.5;fm;flat_2"
"master.wav",868,179.969637188209,180.069659863946,9.013,10.015,"dur:0.1;freq:9.5;fm;flat_3"
"master.wav",869,180.119659863946,180.219682539683,3.624,4.12,"dur:0.1;freq:4;fm;flat_2"
"master.wav",870,180.269682539683,180.36970521542,5.027,5.695,"dur:0.1;freq:5.5;fm;flat_3"
"master.wav",871,180.419705215419,180.519727891156,4.788,5.593,"dur:0.1;freq:5.5;fm;flat_4"
"master.wav",872,180.569727891156,180.669750566893,8.076,9.5,"dur:0.1;freq:9;fm;flat_4"
"master.wav",873,180.719750566893,180.81977324263,3.158,4.333,"dur:0.1;freq:3.5;fm;flat_1"
"master.wav",874,180.86977324263,180.969795918367,5.941,7.32,"dur:0.1;freq:7;fm;flat_3"
"master.wav",875,181.019795918367,181.119818594104,6.838,7.5,"dur:0.1;freq:7;fm;flat_4"
"master.wav",876,181.169818594104,181.269841269841,2.66,3.141,"dur:0.1;freq:3;fm;flat_2"
"master.wav",877,181.319841269841,181.419863945578,1,2.164,"dur:0.1;freq:2;fm;flat_2"
"master.wav",878,181.469863945578,181.569886621315,2.077,2.5,"dur:0.1;freq:2.5;fm;flat_3"
"master.wav",879,181.619886621315,181.719909297052,6.752,7.606,"dur:0.1;freq:7;fm;flat_5"
"master.wav",880,181.769909297052,181.869931972789,0.5,1.555,"dur:0.1;freq:1;fm;flat_3"
"master.wav",881,181.919931972789,182.019954648526,4.209,4.815,"dur:0.1;freq:4.5;fm;flat_3"
"master.wav",882,182.069954648526,182.169977324263,5.764,6.869,"dur:0.1;freq:6.5;fm;flat_1"
"master.wav",883,182.219977324263,182.32,7.989,9.542,"dur:0.1;freq:8;fm;flat_2"
"master.wav",884,182.37,182.470022675737,5.973,6.905,"dur:0.1;freq:6.5;fm;flat_2"
"master.wav",885,182.520022675737,182.620045351474,3.013,3.733,"dur:0.1;freq:3.5;fm;flat_2"
"master.wav",886,182.670045351474,182.770068027211,9.733,10.857,"dur:0.1;freq:10;fm;flat_2"
"master.wav",887,182.820068027211,182.920090702948,8.284,9.321,"dur:0.1;freq:9;fm;flat_5"
"master.wav",888,182.970090702948,183.070113378685,8,8.539,"dur:0.1;freq:8.5;fm;flat_1"
"master.wav",889,183.120113378685,183.220136054422,2.366,3.388,"dur:0.1;freq:3;fm;flat_3"
"master.wav",890,183.270136054422,183.370158730159,1.048,2.28,"dur:0.1;freq:2;fm;flat_3"
"master.wav",891,183.420158730159,183.520181405896,7.427,8.24,"dur:0.1;freq:8;fm;flat_3"
"master.wav",892,183.570181405896,183.670204081633,1.396,2.385,"dur:0.1;freq:1.5;fm;flat_2"
"master.wav",893,183.720204081633,183.82022675737,3.882,5.129,"dur:0.1;freq:5;fm;flat_2"
"master.wav",894,183.87022675737,183.970249433107,8.618,9.923,"dur:0.1;freq:8.5;fm;flat_2"
"master.wav",895,184.020249433107,184.120272108844,3.511,4.562,"dur:0.1;freq:4;fm;flat_3"
"master.wav",896,184.170272108844,184.27029478458,4.983,6.01,"dur:0.1;freq:6;fm;flat_2"
"master.wav",897,184.320294784581,184.420317460317,1.168,2.06,"dur:0.1;freq:1.5;fm;flat_3"
"master.wav",898,184.470317460317,184.570340136054,5.895,6.947,"dur:0.1;freq:7;fm;flat_6"
"master.wav",899,184.620340136054,184.720362811791,1.38,2.136,"dur:0.1;freq:2;fm;flat_4"
"master.wav",900,184.770362811791,184.870385487528,7.021,8.197,"dur:0.1;freq:8;fm;flat_4"
"master.wav",901,184.920385487528,185.020408163265,3.466,4.218,"dur:0.1;freq:4;fm;flat_4"
"master.wav",1279,252.621428571429,253.621428571429,1.33333333333333,2.66666666666667,"end_marker"
